003CE5D6A5.png,7
005053493B.png,2
01CBBE0E4C.png,5
02C5C50BFB.png,6
02F14E21BC.png,7
03D9D55867.png,2
0512C1E504.png,2
06A1D1D4BB.png,0
0761954A33.png,5
0911C4B9D8.png,0
095A521092.png,7
097FD36BAA.png,1
098CCC2AB7.png,7
09DCBC2CDA.png,7
0AA65E3180.png,3
0AA7C1A879.png,5
0ADF98FD85.png,7
0BB990A5F4.png,4
0C224AE93C.png,0
0C353FD9C7.png,7
0C9863F314.png,6
0C9ED05C98.png,5
0CBAF94B11.png,5
0D3604D01F.png,5
0D56128EEA.png,3
0D99E9504C.png,7
0DF78B1B3E.png,3
0EBD1D9FDB.png,7
10EC083C99.png,6
110ED1D095.png,3
1159B04255.png,0
11CD0457CB.png,3
11DBDA89B0.png,1
120847F585.png,6
12E783E8CA.png,1
137AD40798.png,1
13903C858A.png,1
13CA75DFD1.png,3
148B7861D5.png,3
14B351B47A.png,4
154B94AFE0.png,7
17A190CD94.png,6
17BD1FF345.png,0
17C25BE92C.png,6
17E562D499.png,7
17EB3AB282.png,7
18520BB18A.png,6
1886DD7973.png,7
18C77992CC.png,0
19027ACE8D.png,1
199C3961BF.png,3
1BB390CB40.png,5
1C3C637BCC.png,1
1CDB78CF46.png,5
1DF1E43953.png,2
1E4EE81E97.png,5
1FCB7F4A6D.png,4
20855144EA.png,7
2088767C07.png,3
20977F1D44.png,1
20A0618301.png,4
22F4C9008F.png,5
230AC19305.png,7
2461C6F75C.png,3
2492EF3145.png,1
26C2C8AFA1.png,5
272B411705.png,2
27358FA81F.png,4
27DA08F586.png,2
2836355FD0.png,1
29122B0D2F.png,3
2A2F4F1D4F.png,1
2A68F2854A.png,1
2AC2E752B2.png,6
2B93A488DD.png,1
2C29DA2FE4.png,7
2C3B2AAAB0.png,6
2CF9D1E6AB.png,3
2DC77B887E.png,2
2FB5D79954.png,6
3029C97480.png,6
3091CB0161.png,2
314C5A552D.png,4
3156C0F3EA.png,2
32DFFFA14C.png,7
32E54A2AA2.png,3
32F051757C.png,3
32F391B2A1.png,7
335A79E2D2.png,7
335D272C8B.png,5
33B309EBDA.png,5
3482B68952.png,1
34C212A62F.png,3
34F7D9D727.png,3
355B7B2968.png,7
35EE5CDA4E.png,5
36BCF470BA.png,5
37DA757CC5.png,1
37FFEB96D5.png,3
38704A48C3.png,1
39D8BC4733.png,1
3AE461DDCF.png,6
3C3196F1F8.png,6
3D523B6FFC.png,5
3D6431C927.png,7
3D725D945A.png,4
3D9EC8D4D9.png,1
3EA4305F3B.png,7
3EAEA58863.png,3
3F833E68E9.png,1
3FA1B9A705.png,0
40239BBDB3.png,7
4065B4A504.png,1
417FDB2152.png,1
4181F870A4.png,3
41D19DDD4A.png,3
420DC41F0E.png,0
4398B7E2A3.png,5
43FDE8A578.png,7
45A1EBF562.png,2
45A1FD65C8.png,5
45F12B14BE.png,2
4617986730.png,3
46FAB2D465.png,7
472A2D6618.png,7
47C239C461.png,3
47CAE462B2.png,7
4888DDB27D.png,6
48B2639A36.png,5
4913E5B6CB.png,0
4A15687280.png,3
4A2DC2A8F2.png,0
4A8EC078C4.png,2
4B91261B88.png,2
4CA98230B7.png,5
4D34419C96.png,1
4DAF04E78D.png,5
4E75AEAC45.png,1
4E7C814A39.png,0
4FA9CF24A5.png,3
500C78BB36.png,1
511EE88A11.png,5
511FA67820.png,5
514D661AC6.png,2
51C077B30A.png,6
51CEE9873E.png,4
51CEF7515F.png,7
51CF44B351.png,1
522AF7CCFF.png,1
52500D4410.png,3
5256A5ABB9.png,5
527D707B6D.png,6
53494A3749.png,0
540A18824B.png,4
547EFDB846.png,2
549C0BA573.png,6
54FB297A2D.png,2
55FC97F042.png,3
56699A9D85.png,1
571BF62605.png,7
57A6E0B169.png,4
57B481DBFA.png,3
580DD65EE7.png,1
59010D2C07.png,7
5905E8A6F8.png,7
59062BA43E.png,7
592EACCA52.png,2
5941B898D4.png,0
596CD77D94.png,0
5A4C6526D6.png,7
5B16EC6CD2.png,7
5BF0B6EF35.png,3
5C652AF937.png,0
5D1EF056AA.png,4
5D30E76D7F.png,7
5DBE60D712.png,4
5DF3BFB490.png,3
5F941DB8CF.png,5
6040DB1371.png,6
6072A899C7.png,3
61BF35DD30.png,3
63AE5D1BDB.png,2
6471165AB1.png,3
64C866086D.png,5
6597D3A8DC.png,3
65E29E2BBE.png,4
6647A263AE.png,5
667BF4FE86.png,0
66D567BC60.png,1
68C854B246.png,7
68E31D2E9C.png,6
692427E5D8.png,6
69D0510D8A.png,3
6A0B572A3D.png,1
6B065BCAE9.png,6
6C5DB79283.png,1
6CA24C9C19.png,1
6D09B5FA95.png,1
6D65F5C861.png,1
6DDA7CC815.png,7
6E6791D7BB.png,7
6F02484E3B.png,1
6F2C9B2AE3.png,1
6F9DDA7124.png,1
701D7F7C14.png,0
704788946F.png,7
71DE5DD033.png,7
72F60D3230.png,3
748962E987.png,6
750ED31974.png,3
7573217924.png,0
7771B6A130.png,5
7832BD2584.png,5
7A4F70198B.png,5
7BDA172D30.png,1
7CB6B02750.png,7
7D78BDA1C3.png,3
7F5D8C7869.png,2
800501A617.png,6
80128BE5C6.png,0
80F135A028.png,0
811D330D87.png,0
81E648684E.png,4
82218720AA.png,3
8332970998.png,3
836ECFFFAA.png,2
83BCAAE98F.png,5
84755A8D78.png,0
8528535A9B.png,5
872D9F8F83.png,4
87658E6263.png,3
88746E64A5.png,7
88AA4B6345.png,7
88C2CFBFB0.png,5
88FDC8F963.png,0
8917D5B484.png,6
8979A9F2C6.png,0
89DD5514FF.png,1
8BCD0232C3.png,0
8BED77D678.png,1
8BF1D95465.png,3
8C4CA7FA56.png,0
8CCC3DD36A.png,5
8D761E1AFC.png,0
8DE3F28C98.png,4
90232356BC.png,7
92D51144D7.png,0
9319AF8F6A.png,3
940E82ABAC.png,7
96BD6B0BC7.png,3
97A97E629B.png,4
98363D84B2.png,5
9960F56CF6.png,6
99972C2933.png,7
99A6030F96.png,2
99B32B90B7.png,3
9AFFEBC260.png,1
9B4FDF304F.png,7
9CC63BD53C.png,6
9D89FD1892.png,7
9E38DB9ECA.png,5
9E461DD93B.png,2
9E53562322.png,2
9F983594B4.png,1
A0BC239188.png,7
A17E81BB61.png,3
A248A301A5.png,3
A2F84CDEA5.png,3
A365C4F9DD.png,4
A3D620D922.png,7
A5782C8B34.png,6
A58D91D1F0.png,2
A75EC50482.png,1
A89D908ADC.png,5
A979F978CD.png,3
A9D885BD5A.png,3
AA9329763F.png,1
ABB7269F29.png,2
AC2ABE4563.png,3
AC3183BDF0.png,0
ACB4E91E4D.png,7
ACFEA13692.png,1
AD376CAE19.png,7
AD9B4872C4.png,3
AE568AF44E.png,5
AEEF94805F.png,7
AF3D4EA3C3.png,6
AF7A9D7162.png,6
B073AF27BA.png,7
B105F77729.png,0
B126B5A621.png,2
B1AEDCB3F0.png,0
B1E3EB155D.png,6
B276FB07C3.png,3
B2EC43574B.png,7
B32FEB8B3F.png,3
B36744B1DE.png,4
B3927D898A.png,7
B55AE1656E.png,6
B601193CC0.png,3
B6995B7801.png,1
B73A26FEB1.png,2
B756C4A3F0.png,3
B77B1EF0CD.png,3
B834D0434D.png,1
BA3931D99C.png,5
BC9BC31A38.png,1
BD3C7C27D6.png,3
BE9CEC460B.png,7
BF582EC58B.png,3
C07987E1D9.png,0
C0DC2FCE8F.png,3
C104CBF156.png,1
C1D69D1671.png,2
C225EA8ABC.png,7
C2B13AE289.png,0
C35601E930.png,7
C53CCD816B.png,0
C5DCB541D4.png,7
C5F1609CDA.png,6
C654AFD5AB.png,6
C67A54549D.png,7
C6D723FC57.png,7
C6E93E3B74.png,3
C7E2284D19.png,3
C87C12B0F5.png,4
C8DD94BD0D.png,0
C930880C79.png,6
CA6EDE6310.png,4
CB46C33B39.png,0
CCB5A646C1.png,5
CD45D77BA7.png,5
CDBF5AA194.png,1
CDDB4E161D.png,4
CF6A9ECEC9.png,3
CF8C59B7EC.png,2
CFCB3C8013.png,3
D03438BD98.png,4
D24AC9FC14.png,0
D32B5C4587.png,0
D37F4AC823.png,2
D45F85F56F.png,5
D530CF8434.png,3
D5ECDAB3BA.png,5
D5F3A398E6.png,7
D66B7724F0.png,0
D7B44B98A1.png,4
D8C5167BD3.png,5
D8E76B54A0.png,7
D9625F8482.png,1
DAAF65511E.png,6
DB0CEBC1BB.png,6
DB86F5095C.png,4
DB9C92A689.png,3
DCFD5BAED9.png,6
DD3EF5FF9C.png,3
DE11E6A3B0.png,4
DE6F9D8661.png,1
E09D737DF9.png,1
E0BB3BAF36.png,6
E0CEFB7479.png,3
E1067BAA83.png,3
E1C549751B.png,5
E369FDCD45.png,4
E4A28C2D88.png,1
E4F0B57685.png,1
E550247C00.png,3
E556395B19.png,3
E5C9A00B34.png,2
E5EEB4B57A.png,5
E626E6C0F7.png,4
E66678B7DA.png,5
E6A0C17D14.png,0
E6D011D9C6.png,6
E72BA1CB31.png,5
E79A267001.png,2
E79E4905CD.png,2
E833650F42.png,7
E83AA9F5E2.png,5
E8616F2059.png,0
E94A31E070.png,1
E96046D3C1.png,4
E963DE0D2D.png,6
E9A87A7D0E.png,7
E9B8314279.png,2
EC19FCE872.png,7
EEFDB087E8.png,6
EF22A4E8F9.png,7
EFFF8F2CA1.png,1
F1881A204C.png,7
F2387EA276.png,2
F24DA002C9.png,1
F274F2708B.png,1
F2DA2BC81E.png,0
F363E77760.png,3
F3F06E49F0.png,3
F466A57521.png,3
F4A7FEBAEE.png,6
F4AD6F7081.png,5
F51424C451.png,7
F55B9B46E7.png,1
F75795FF41.png,7
F78CFFC0D4.png,5
F84EC206D2.png,6
F86D9668D4.png,5
F8816E3277.png,3
F8F7ADD27D.png,7
F920CAD088.png,6
F94890F30A.png,5
F94D9D8BAD.png,2
F9E7FA7BB5.png,7
FA1080E80C.png,1
FA1B700E6A.png,6
FA6B81118F.png,1
FC5523E364.png,7
FD06B3D3B1.png,0
FD3BA1014F.png,2
FD3F2A55ED.png,0
FDE4C7B6AA.png,0
FED102A057.png,1
FF0707AEC7.png,0
FFA9EA7938.png,1
